{
    "ARIMA": {
        "MAE": 0.12243275711035442,
        "RMSE": 0.1470208205368911
    },
    "LSTM": {
        "MAE": 0.008105289902793387,
        "RMSE": 0.010940601525306102
    }
}